tool,compare contract num,trace coverage
esuer,6324,0.9998819821893571
ethersolve,6324,0.989099448050987
esuer,3614,0.9993278087493194
rattle,3614,0.5992876243052419
esuer,6007,0.9993807626898016
vandal,6007,0.5454303568698363
esuer,3736,0.9998002289522202
octopus,3736,0.2403016696011715
esuer,6340,0.9994132872993118
gigahorse,6340,0.940184915555606
