tool,contract num,trace coverage
esuer,6382,0.9994171484609271
ethersolve,6344,0.9882850287647037
rattle,3623,0.5993712376697514
vandal,6024,0.5451566316226915
octopus,3752,0.2399102252928256
gigahorse,6359,0.9401774775549688
