tool,compare contract num,tool / esuer
ethersolve,9747,29.697572961953746
rattle,5563,3092.253720750701
vandal,9262,2739.361889155218
octopus,3941,1.296842159995145
mythril,607,0.03199773495912494
gigahorse,9774,1.0411685350566344
